sensor,pid,tsa,plotid,yr,day,b1,b2,b3,b4,b5,b7,b6,fmask
LT5,12345678,14034,31,1984,84,428,602,622,2265,1418,813,2816,0
LT5,12345678,14034,31,1984,137,545,861,624,4677,1730,653,2850,0
LT5,12345678,14034,31,1984,185,424,590,415,3035,1047,493,2937,0
LT5,12345678,14034,31,1984,233,20000,6367,6402,7438,6163,4985,2859,4
LT5,12345678,14034,31,1984,249,321,479,365,2709,830,300,2906,0
LT5,12345678,14034,31,1984,265,420,571,392,2890,1025,455,2942,0
LT5,12345678,14034,31,1984,281,2927,2929,2870,4299,2273,1730,2533,4
LT5,12345678,14034,31,1984,313,273,393,355,2505,1019,428,2821,0
LT5,12345678,14034,31,1984,329,434,501,437,2439,1118,423,2791,0
LT5,12345678,14034,31,1984,361,270,416,421,2416,1060,477,2755,0
LT5,12345678,14034,31,1985,27,7571,7505,7494,7856,6183,5350,2609,4
LT5,12345678,14034,31,1985,59,400,544,415,2220,1087,555,2760,0
LT5,12345678,14034,31,1985,91,20000,4107,4140,4872,4368,3746,2781,4
LT5,12345678,14034,31,1985,107,353,537,484,2305,1412,747,2897,0
LT5,12345678,14034,31,1985,155,20000,3628,3393,4644,2968,2182,2645,4
LT5,12345678,14034,31,1985,171,289,447,355,2809,1171,579,2942,0
LT5,12345678,14034,31,1985,203,403,576,401,3250,1177,584,2959,0
LT5,12345678,14034,31,1985,219,333,482,347,3145,1076,480,2933,0
LT5,12345678,14034,31,1985,235,1688,1772,1634,3773,1869,1305,2645,4
LT5,12345678,14034,31,1985,251,1643,1693,1507,3661,1753,1174,2729,4
LT5,12345678,14034,31,1985,267,20000,5063,4962,6563,5584,5074,2572,4
LT5,12345678,14034,31,1985,283,314,466,403,2686,1015,406,2924,0
LT5,12345678,14034,31,1985,299,278,376,352,2501,1085,435,2892,0
LT5,12345678,14034,31,1985,315,1024,1092,1014,2413,1309,724,2791,4
LT5,12345678,14034,31,1985,331,772,945,818,3056,1679,835,2869,4
LT5,12345678,14034,31,1986,14,3860,3763,3651,3954,1614,1359,2506,4
LT5,12345678,14034,31,1986,30,1595,1500,1329,3465,686,355,2662,4
LT5,12345678,14034,31,1986,46,2102,2109,1827,3850,676,366,2707,3
LT5,12345678,14034,31,1986,62,20000,7121,7024,7569,6573,5653,2591,4
LT5,12345678,14034,31,1986,94,20000,7696,7650,8061,4442,3499,2457,4
LT5,12345678,14034,31,1986,110,392,523,475,2205,1298,704,2901,0
LT5,12345678,14034,31,1986,126,445,618,500,2601,1428,645,2972,0
LT5,12345678,14034,31,1986,158,20000,7616,20000,8482,20000,4727,2878,0
LT5,12345678,14034,31,1986,206,20000,6820,6617,7181,2080,1140,2729,4
LT5,12345678,14034,31,1986,222,676,838,675,3519,1385,672,2906,0
LT5,12345678,14034,31,1986,238,2696,2785,2650,4879,3331,2691,2864,4
LT5,12345678,14034,31,1986,254,396,551,385,3149,1059,447,2928,0
LT5,12345678,14034,31,1986,270,1006,1054,917,2619,1052,697,2850,4
LT5,12345678,14034,31,1986,302,2842,2879,2802,3850,2121,1650,2500,4
LT5,12345678,14034,31,1986,318,303,507,344,2375,928,458,2739,0
LT5,12345678,14034,31,1986,334,385,509,386,2385,1013,454,2796,0
LT5,12345678,14034,31,1986,350,1606,1680,1554,2964,1690,1167,2609,4
LT5,12345678,14034,31,1987,17,276,474,327,2435,1018,499,2739,0
LT5,12345678,14034,31,1987,49,4991,5174,5246,5997,5197,4910,2506,4
LT5,12345678,14034,31,1987,65,388,521,431,2233,994,553,2791,0
LT5,12345678,14034,31,1987,97,3205,3224,3236,4064,3430,2710,2760,4
LT5,12345678,14034,31,1987,129,350,606,452,2564,1289,660,2933,0
LT5,12345678,14034,31,1987,161,328,484,389,2891,1257,609,2937,0
LT5,12345678,14034,31,1987,177,2008,2027,1854,3643,1847,1231,2811,4
LT5,12345678,14034,31,1987,193,490,620,394,3188,1082,430,2955,0
LT5,12345678,14034,31,1987,209,414,593,361,3110,985,393,2950,0
LT5,12345678,14034,31,1987,225,20000,4758,4639,6346,5411,4930,2835,4
LT5,12345678,14034,31,1987,241,313,422,318,2858,975,425,2942,0
LT5,12345678,14034,31,1987,257,573,707,458,3003,1017,404,2937,0
LT5,12345678,14034,31,1987,289,309,439,334,2490,1032,412,2901,0
LT5,12345678,14034,31,1987,305,1655,1700,1633,2800,1662,1167,2674,4
LT5,12345678,14034,31,1987,321,731,870,766,2758,1419,787,2855,0
LT5,12345678,14034,31,1987,337,3976,3999,3955,4859,3114,2730,2339,4
LT5,12345678,14034,31,1987,353,353,481,410,2423,1037,486,2771,0
LT5,12345678,14034,31,1988,36,655,718,687,2469,1323,635,2696,0
LT5,12345678,14034,31,1988,52,3393,3453,3379,4046,2040,1639,2500,4
LT5,12345678,14034,31,1988,68,449,574,531,2314,1115,673,2831,0
LT5,12345678,14034,31,1988,84,672,752,661,2360,1308,658,2887,0
LT5,12345678,14034,31,1988,116,422,580,519,2320,1376,763,2897,0
LT5,12345678,14034,31,1988,148,368,529,431,2715,1332,636,2924,0
LT5,12345678,14034,31,1988,164,325,503,376,2715,1216,648,2968,0
LT5,12345678,14034,31,1988,180,265,428,309,2677,1235,574,2981,0
LT5,12345678,14034,31,1988,196,391,566,394,3048,1192,502,2946,0
LT5,12345678,14034,31,1988,212,351,527,315,3057,1060,392,2976,0
LT5,12345678,14034,31,1988,228,405,554,332,3173,996,368,2946,0
LT5,12345678,14034,31,1988,244,281,464,289,2842,956,376,2928,0
LT5,12345678,14034,31,1988,260,284,432,319,3025,1099,432,2915,0
LT5,12345678,14034,31,1988,276,1057,1219,1104,3353,1969,1149,2806,4
LT5,12345678,14034,31,1988,292,20000,5267,5135,6374,3823,3278,2294,4
LT5,12345678,14034,31,1988,308,381,476,474,2548,939,462,2831,0
LT5,12345678,14034,31,1988,324,4914,4872,4882,5546,2731,2160,2126,4
LT5,12345678,14034,31,1988,340,20000,7583,7570,7832,3728,3299,2276,4
LT5,12345678,14034,31,1988,356,3850,3972,3929,4788,2631,2157,2412,4
LT5,12345678,14034,31,1989,22,407,538,520,2317,1110,570,2718,0
LT5,12345678,14034,31,1989,54,878,1023,957,2765,1690,1031,2750,0
LT5,12345678,14034,31,1989,70,339,437,408,2148,1019,532,2771,0
LT5,12345678,14034,31,1989,86,439,578,437,2293,1104,571,2887,0
LT5,12345678,14034,31,1989,102,334,519,431,2227,1121,579,2850,0
LT5,12345678,14034,31,1989,118,353,573,490,2469,1265,600,2887,0
LT5,12345678,14034,31,1989,134,610,782,674,2944,1328,633,2897,0
LT5,12345678,14034,31,1989,150,1543,1691,1500,3828,2036,1333,2723,4
LT5,12345678,14034,31,1989,166,450,581,474,2864,1136,563,2915,0
LT5,12345678,14034,31,1989,182,355,526,362,3184,1140,478,2955,0
LT5,12345678,14034,31,1989,214,323,457,323,2983,876,316,2928,0
LT5,12345678,14034,31,1989,246,324,472,321,2998,1033,465,2924,0
LT5,12345678,14034,31,1989,278,215,381,253,2433,813,295,2873,0
LT5,12345678,14034,31,1989,294,302,492,369,2376,872,427,2811,0
LT5,12345678,14034,31,1989,310,790,925,871,2715,1394,740,2821,4
LT5,12345678,14034,31,1989,326,1763,1840,1884,3125,2788,2456,2639,4
LT5,12345678,14034,31,1989,358,3526,3531,3453,3887,1849,1520,2506,4
LT5,12345678,14034,31,1990,9,232,326,339,1989,748,339,2771,0
LT5,12345678,14034,31,1990,121,987,1184,1018,2955,1589,889,2801,4
LT5,12345678,14034,31,1990,137,2871,2908,2792,4117,1884,1441,2566,4
LT5,12345678,14034,31,1990,153,595,837,623,3045,1361,649,2864,2
LT5,12345678,14034,31,1990,169,488,662,576,2871,1313,674,2906,0
LT5,12345678,14034,31,1990,185,644,835,756,3176,1462,838,2869,0
LT5,12345678,14034,31,1990,201,292,454,325,2703,1061,359,2937,0
LT5,12345678,14034,31,1990,217,1761,1907,1740,4283,2371,1787,2540,4
LT5,12345678,14034,31,1990,249,-147,-1,-79,3960,1166,455,2950,0
LT5,12345678,14034,31,1990,281,438,610,485,2804,1138,373,2919,0
LT5,12345678,14034,31,1990,297,276,375,307,2454,987,399,2887,0
LT5,12345678,14034,31,1990,313,462,617,549,2476,1072,626,2786,0
LT5,12345678,14034,31,1990,329,2193,2320,2240,3269,2281,1828,2585,4
LT5,12345678,14034,31,1990,345,2287,2360,2512,3471,3320,2960,2533,4
LT5,12345678,14034,31,1991,44,2007,2045,1961,2968,2142,1615,2615,4
LT5,12345678,14034,31,1991,60,2928,3003,2884,3795,2545,2069,2500,4
LT5,12345678,14034,31,1991,76,313,478,405,1957,1146,595,2850,0
LT5,12345678,14034,31,1991,92,405,488,461,2095,1120,578,2855,0
LT5,12345678,14034,31,1991,124,250,467,366,2486,1246,592,2901,0
LT5,12345678,14034,31,1991,140,20000,3916,3823,4839,2334,1922,2388,4
LT5,12345678,14034,31,1991,156,436,657,506,3071,1274,582,2910,0
LT5,12345678,14034,31,1991,172,1057,1198,1103,3479,2015,1331,2831,4
LT5,12345678,14034,31,1991,188,439,531,356,3036,1096,504,2968,0
LT5,12345678,14034,31,1991,204,467,663,487,3375,1198,483,2946,0
LT5,12345678,14034,31,1991,220,2877,2981,2947,4575,3116,2301,2696,4
LT5,12345678,14034,31,1991,236,20000,3913,3741,5514,2482,1874,2442,4
LT5,12345678,14034,31,1991,252,375,496,375,2663,945,391,2937,0
LT5,12345678,14034,31,1991,268,20000,5887,5910,7104,6227,5555,2723,4
LT5,12345678,14034,31,1991,284,585,716,526,2583,977,410,2887,0
LT5,12345678,14034,31,1991,300,1743,1626,1612,2466,1727,1231,2859,2
LT5,12345678,14034,31,1991,316,876,992,976,2551,1289,773,2760,0
LT5,12345678,14034,31,1991,332,2501,2641,2742,3504,3346,3297,2702,4
LT5,12345678,14034,31,1991,364,8215,8196,8000,7995,5484,3651,2685,4
LT5,12345678,14034,31,1992,15,452,598,525,2225,1030,532,2718,0
LT5,12345678,14034,31,1992,31,6245,6220,6295,6617,3233,2802,2479,4
LT5,12345678,14034,31,1992,47,697,784,681,2136,988,374,2845,0
LT5,12345678,14034,31,1992,63,20000,6872,6984,7328,6243,5351,2750,4
LT5,12345678,14034,31,1992,95,511,680,666,2276,1260,687,2816,0
LT5,12345678,14034,31,1992,127,1060,1291,1155,2964,1507,913,2745,4
LT5,12345678,14034,31,1992,143,452,663,601,2751,1367,747,2937,0
LT5,12345678,14034,31,1992,159,1694,1749,1571,4023,1948,1264,2729,4
LT5,12345678,14034,31,1992,175,414,549,448,2786,1135,512,2915,0
LT5,12345678,14034,31,1992,191,20000,5405,5348,6447,2718,2184,2294,4
LT5,12345678,14034,31,1992,223,495,669,451,3133,992,364,2942,0
LT5,12345678,14034,31,1992,239,2736,2553,2339,4008,1773,1190,2668,4
LT5,12345678,14034,31,1992,255,20000,6631,6712,7297,5104,3635,2572,4
LT5,12345678,14034,31,1992,287,282,489,327,2284,826,318,2873,0
LT5,12345678,14034,31,1992,303,20000,6038,5993,6332,4563,3557,2597,4
LT5,12345678,14034,31,1992,319,436,550,496,2188,1093,477,2781,0
LT5,12345678,14034,31,1992,335,411,587,530,2194,966,383,2766,0
LT5,12345678,14034,31,1992,351,452,551,490,2768,1173,546,2781,0
LT5,12345678,14034,31,1993,1,3119,3138,3160,4226,2852,2515,2520,4
LT5,12345678,14034,31,1993,33,420,545,545,2111,879,412,2674,0
LT5,12345678,14034,31,1993,49,1735,1627,1588,2328,1215,818,2639,4
LT5,12345678,14034,31,1993,65,3553,3718,3756,4473,4601,4035,2674,4
LT5,12345678,14034,31,1993,81,689,865,792,2373,1240,683,2816,0
LT5,12345678,14034,31,1993,97,3986,4247,4223,5139,3860,2778,2696,4
LT5,12345678,14034,31,1993,113,582,753,729,2464,1388,747,2855,2
LT5,12345678,14034,31,1993,129,590,779,625,3027,1324,641,2933,0
LT5,12345678,14034,31,1993,145,660,907,762,3278,1612,862,2850,0
LT5,12345678,14034,31,1993,161,256,374,364,2624,1187,527,2959,0
LT5,12345678,14034,31,1993,177,3283,3526,3656,5664,4707,3760,2901,4
LT5,12345678,14034,31,1993,193,20000,5970,5864,7240,5919,4742,2657,4
LT5,12345678,14034,31,1993,209,262,436,325,2762,991,476,2964,0
LT5,12345678,14034,31,1993,225,1999,1895,1542,3899,1277,544,2937,0
LT5,12345678,14034,31,1993,241,488,551,389,3070,972,433,2959,0
LT5,12345678,14034,31,1993,273,1803,1961,1900,3853,2750,2155,2750,4
LT5,12345678,14034,31,1993,289,1832,1917,1871,2952,1587,1116,2627,4
LT5,12345678,14034,31,1993,305,20000,8288,8621,8977,6571,4969,2615,4
LT5,12345678,14034,31,1993,337,349,531,427,2275,1001,398,2821,0
LT5,12345678,14034,31,1993,353,303,394,371,2158,906,494,2791,0
LT5,12345678,14034,31,1994,52,4883,4998,5021,5610,5008,4853,2546,4
LT5,12345678,14034,31,1994,100,20000,5746,5716,6360,4712,3939,2520,4
LT5,12345678,14034,31,1994,116,417,579,466,2651,1324,588,2968,0
LT5,12345678,14034,31,1994,148,308,461,409,2650,1202,571,2915,0
LT5,12345678,14034,31,1994,164,1159,1222,1109,3418,1735,1162,2919,4
LT5,12345678,14034,31,1994,196,558,689,531,3546,1377,606,2933,0
LT5,12345678,14034,31,1994,228,3351,3380,3140,5410,2963,2189,2645,4
LT5,12345678,14034,31,1994,244,2342,2371,2316,4312,2952,2576,2791,4
LT5,12345678,14034,31,1994,260,2428,2403,2248,3638,1742,1119,2645,4
LT5,12345678,14034,31,1994,276,4111,4183,4127,5040,2418,1936,2493,4
LT5,12345678,14034,31,1994,292,4026,4056,4098,5156,4350,3594,2500,4
LT5,12345678,14034,31,1994,308,347,483,450,2427,1070,434,2901,0
LT5,12345678,14034,31,1994,356,697,949,931,1694,971,452,2685,4
LT5,12345678,14034,31,1995,23,406,510,337,2308,971,477,2734,0
LT5,12345678,14034,31,1995,39,638,632,612,1830,802,476,2668,2
LT5,12345678,14034,31,1995,55,425,625,556,2323,1288,599,2791,0
LT5,12345678,14034,31,1995,71,332,488,416,2100,1093,506,2835,0
LT5,12345678,14034,31,1995,87,20000,8291,8272,8863,7257,6443,2609,4
LT5,12345678,14034,31,1995,103,337,484,455,2294,1110,547,2897,0
LT5,12345678,14034,31,1995,119,324,517,484,2580,1279,694,2915,0
LT5,12345678,14034,31,1995,135,342,524,458,2725,1195,577,2906,0
LT5,12345678,14034,31,1995,151,256,438,362,2625,1302,667,2950,0
LT5,12345678,14034,31,1995,167,377,494,407,2687,1129,495,2950,0
LT5,12345678,14034,31,1995,199,1592,1507,1242,3663,1360,630,2919,0
LT5,12345678,14034,31,1995,231,2889,2951,2770,4488,2170,1587,2493,4
LT5,12345678,14034,31,1995,247,260,385,269,2576,859,320,2937,0
LT5,12345678,14034,31,1995,263,268,467,361,2610,934,349,2911,0
LT5,12345678,14034,31,1995,279,713,854,784,2176,1508,1162,2776,4
LT5,12345678,14034,31,1995,295,266,395,287,2472,1018,358,2859,0
LT5,12345678,14034,31,1995,327,7608,7775,7831,8696,6985,5607,2609,4
LT5,12345678,14034,31,1995,359,1758,1754,1706,3327,2286,1737,2633,4
LT5,12345678,14034,31,1996,10,4454,4479,4544,5252,3160,3007,2585,4
LT5,12345678,14034,31,1996,26,1280,1446,1380,2953,1563,1028,2645,4
LT5,12345678,14034,31,1996,42,3651,3557,3523,4139,3503,3057,2520,4
LT5,12345678,14034,31,1996,58,4351,4564,4568,5659,5645,5267,2609,4
LT5,12345678,14034,31,1996,74,20000,7131,7169,7427,5397,4093,2597,4
LT5,12345678,14034,31,1996,90,364,427,408,2082,1000,491,2807,0
LT5,12345678,14034,31,1996,106,20000,5224,5219,5898,4711,3343,2801,0
LT5,12345678,14034,31,1996,122,287,478,358,2332,1175,569,2887,0
LT5,12345678,14034,31,1996,154,309,459,379,2673,1227,582,2942,0
LT5,12345678,14034,31,1996,170,20000,6650,6738,7539,5256,4075,2615,4
LT5,12345678,14034,31,1996,186,300,469,353,2879,1180,534,2924,0
LT5,12345678,14034,31,1996,202,228,400,268,2843,1091,426,2942,0
LT5,12345678,14034,31,1996,218,345,436,316,2910,1017,407,2942,0
LT5,12345678,14034,31,1996,234,20000,7529,7489,8653,6752,5768,2831,4
LT5,12345678,14034,31,1996,266,1847,1910,1699,3514,2320,1927,2869,4
LT5,12345678,14034,31,1996,298,490,574,508,2552,1182,514,2864,0
LT5,12345678,14034,31,1996,314,4134,4392,4419,5191,4509,3527,2734,4
LT5,12345678,14034,31,1996,330,3650,3696,3634,4815,2797,1992,2527,4
LT5,12345678,14034,31,1996,346,257,396,352,2036,703,279,2796,0
LT5,12345678,14034,31,1996,362,-137,-55,14,2450,745,269,2776,0
LT5,12345678,14034,31,1997,12,236,398,374,2288,865,400,2696,0
LT5,12345678,14034,31,1997,44,837,997,897,2329,1311,845,2645,4
LT5,12345678,14034,31,1997,124,266,502,379,2468,1164,514,2878,0
LT5,12345678,14034,31,1997,140,20000,5626,5408,6316,2876,2280,2442,4
LT5,12345678,14034,31,1997,172,433,573,432,2841,1132,524,2968,0
LT5,12345678,14034,31,1997,188,603,562,360,1552,338,115,2928,2
LT5,12345678,14034,31,1997,236,261,400,261,2858,928,365,2937,0
LT5,12345678,14034,31,1997,284,260,338,273,2356,858,405,2910,0
LT5,12345678,14034,31,1997,332,4604,4255,4388,5498,3472,2900,2435,4
LT5,12345678,14034,31,1997,348,619,721,742,1794,928,525,2685,2
LT5,12345678,14034,31,1997,364,2169,2228,2217,3502,2686,2071,2702,4
LT5,12345678,14034,31,1998,31,5916,5923,5770,5971,5220,4549,2627,4
LT5,12345678,14034,31,1998,47,4059,3993,3966,4694,2897,2427,2471,4
LT5,12345678,14034,31,1998,63,1177,1235,1153,2848,1450,874,2723,4
LT5,12345678,14034,31,1998,95,20000,6266,6227,6734,6121,5383,2627,4
LT5,12345678,14034,31,1998,111,268,498,372,2465,1175,520,2897,0
LT5,12345678,14034,31,1998,127,935,1079,952,3220,1421,745,2835,4
LT5,12345678,14034,31,1998,143,20000,7093,20000,7500,2329,1856,2464,4
LT5,12345678,14034,31,1998,159,163,280,235,1262,405,185,2892,2
LT5,12345678,14034,31,1998,191,396,572,421,3193,1140,489,2946,0
LT5,12345678,14034,31,1998,207,1286,1502,1261,3726,1448,833,2750,4
LT5,12345678,14034,31,1998,223,20000,7365,7451,8161,20000,5366,2873,4
LT5,12345678,14034,31,1998,239,20000,20000,20000,10044,4678,2784,2615,4
LT5,12345678,14034,31,1998,255,497,613,444,3277,1263,563,2924,2
LT5,12345678,14034,31,1998,287,369,440,373,2455,978,447,2897,0
LT5,12345678,14034,31,1998,303,301,423,400,2351,1038,495,2869,0
LT5,12345678,14034,31,1998,319,411,556,455,2359,916,391,2859,0
LT5,12345678,14034,31,1998,335,333,435,357,2437,1020,503,2897,0
LT5,12345678,14034,31,1998,351,6731,6577,6521,7020,4035,3348,2464,4
LT5,12345678,14034,31,1999,2,2652,2474,2712,4145,3421,2778,2651,4
LT5,12345678,14034,31,1999,34,418,461,427,1798,805,332,2811,0
LT5,12345678,14034,31,1999,50,388,522,478,2261,914,393,2776,0
LT5,12345678,14034,31,1999,66,348,465,434,2323,1132,621,2718,2
LT5,12345678,14034,31,1999,82,4038,4062,3974,4521,2093,1738,2559,4
LT5,12345678,14034,31,1999,98,364,526,422,2280,1228,592,2942,0
LT5,12345678,14034,31,1999,114,268,479,419,2317,1237,578,2859,0
LT5,12345678,14034,31,1999,130,261,498,412,2613,1365,640,2955,0
LT5,12345678,14034,31,1999,146,2556,2567,2440,3736,2087,1444,2615,4
LT5,12345678,14034,31,1999,162,20000,7606,20000,8053,4963,3502,2826,4
LT5,12345678,14034,31,1999,178,20000,5021,5005,5774,4596,3772,2750,4
LE7,12345678,14034,31,1999,186,269,453,300,2939,1149,437,3024,0
LT5,12345678,14034,31,1999,194,20000,6739,6687,7130,5630,4322,2835,4
LE7,12345678,14034,31,1999,202,20000,20000,20000,20000,20000,4761,2727,4
LT5,12345678,14034,31,1999,210,303,460,339,3357,1163,500,2942,0
LE7,12345678,14034,31,1999,218,335,464,279,3097,955,348,2970,0
LT5,12345678,14034,31,1999,226,2793,2902,2748,4926,3349,2411,2755,4
LE7,12345678,14034,31,1999,234,20000,20000,20000,6539,5228,4138,2846,4
LT5,12345678,14034,31,1999,242,20000,7174,7165,7749,2327,2009,2321,4
LE7,12345678,14034,31,1999,250,1310,1172,944,2752,985,473,2902,4
LE7,12345678,14034,31,1999,266,174,280,149,2544,854,363,2902,0
LT5,12345678,14034,31,1999,274,162,355,277,2524,832,333,2901,0
LE7,12345678,14034,31,1999,282,2392,2328,2204,3811,1374,980,2668,4
LE7,12345678,14034,31,1999,298,191,342,254,2397,844,314,2847,0
LT5,12345678,14034,31,1999,322,278,311,341,2400,954,469,2816,0
LE7,12345678,14034,31,1999,330,5057,4948,4886,5288,2775,1624,2764,4
LT5,12345678,14034,31,1999,338,306,326,323,2291,1017,315,2850,0
LE7,12345678,14034,31,1999,346,318,305,198,2452,978,447,2794,0
LE7,12345678,14034,31,1999,362,5305,5196,5089,5684,4171,3277,2584,4
LT5,12345678,14034,31,2000,5,275,375,296,2233,901,396,2776,0
LE7,12345678,14034,31,2000,13,4850,4699,4680,5007,2560,2514,2412,4
LT5,12345678,14034,31,2000,21,1025,897,809,2641,571,492,2662,3
LE7,12345678,14034,31,2000,29,1214,1122,896,3067,683,377,2696,3
LT5,12345678,14034,31,2000,37,661,694,540,2717,805,272,2734,0
LE7,12345678,14034,31,2000,45,20000,6270,20000,7068,3344,3333,2209,4
LT5,12345678,14034,31,2000,53,299,458,335,2159,992,505,2786,0
LE7,12345678,14034,31,2000,61,934,1033,908,2873,1536,958,2733,4
LT5,12345678,14034,31,2000,69,1451,1549,1408,2756,1808,1308,2696,4
LE7,12345678,14034,31,2000,77,20000,20000,20000,20000,5857,4140,2752,4
LT5,12345678,14034,31,2000,85,1076,1128,1034,2788,1608,992,2750,4
LE7,12345678,14034,31,2000,93,20000,4218,4160,4807,2287,2053,2323,4
LT5,12345678,14034,31,2000,101,385,544,467,2367,1134,585,2859,0
LT5,12345678,14034,31,2000,117,20000,5184,5275,6411,20000,5116,2713,4
LE7,12345678,14034,31,2000,125,369,516,384,2659,1251,538,2918,0
LT5,12345678,14034,31,2000,133,515,704,567,3114,1418,628,2933,0
LE7,12345678,14034,31,2000,141,20000,20000,20000,9363,20000,5490,2599,4
LT5,12345678,14034,31,2000,149,20000,3868,3758,4955,3283,2773,2625,4
LE7,12345678,14034,31,2000,157,20000,20000,20000,6773,20000,4465,2788,4
LT5,12345678,14034,31,2000,165,20000,20000,20000,10835,20000,5389,2873,4
LE7,12345678,14034,31,2000,173,892,968,770,3399,1461,806,2885,4
LE7,12345678,14034,31,2000,189,258,433,259,2829,1048,449,2943,0
LE7,12345678,14034,31,2000,205,452,562,423,2915,1107,543,2890,0
LE7,12345678,14034,31,2000,221,406,517,339,3076,1104,464,2923,0
LT5,12345678,14034,31,2000,229,2409,2202,1739,4968,2322,1425,2919,4
LE7,12345678,14034,31,2000,237,20000,4455,4248,5663,3245,2553,2591,4
LT5,12345678,14034,31,2000,245,563,611,449,3064,1058,341,2928,0
LE7,12345678,14034,31,2000,253,2006,2094,1938,3590,2421,1967,2734,4
LT5,12345678,14034,31,2000,261,224,326,230,2406,961,341,2906,0
LT5,12345678,14034,31,2000,277,396,400,349,2457,944,431,2933,0
LT5,12345678,14034,31,2000,293,362,431,366,2432,1003,458,2887,0
LE7,12345678,14034,31,2000,301,678,807,733,2676,1274,678,2840,4
LE7,12345678,14034,31,2000,317,5549,5577,5469,5990,5003,4118,2752,4
LE7,12345678,14034,31,2000,333,356,433,358,2300,1049,406,2824,0
LT5,12345678,14034,31,2000,341,287,401,431,2340,1010,499,2718,0
LE7,12345678,14034,31,2000,349,20000,20000,20000,9955,2359,2239,2439,4
LT5,12345678,14034,31,2000,357,3099,3033,2957,3567,1821,1307,2685,4
LE7,12345678,14034,31,2000,365,866,888,611,2862,839,419,2715,3
LT5,12345678,14034,31,2001,7,1490,1601,1492,2986,1922,1311,2651,4
LE7,12345678,14034,31,2001,15,3160,3206,3247,4383,4001,3712,2747,4
LT5,12345678,14034,31,2001,23,1049,1113,1042,2520,1391,887,2645,0
LE7,12345678,14034,31,2001,31,274,478,340,2291,1053,457,2840,0
LT5,12345678,14034,31,2001,39,1636,1708,1664,3054,1821,1136,2679,4
LT5,12345678,14034,31,2001,55,3273,3341,3364,4025,2640,2613,2603,4
LE7,12345678,14034,31,2001,63,20000,20000,20000,20000,4182,3320,2662,4
LT5,12345678,14034,31,2001,71,336,461,433,2278,1118,507,2826,0
LE7,12345678,14034,31,2001,79,3568,3500,3495,4193,2109,1774,2439,4
LT5,12345678,14034,31,2001,87,307,445,421,2180,1129,532,2811,0
LE7,12345678,14034,31,2001,95,296,437,374,2317,1129,533,2880,0
LE7,12345678,14034,31,2001,111,1012,1118,1067,2456,1266,806,2758,4
LT5,12345678,14034,31,2001,119,382,549,478,2520,1263,602,2892,0
LE7,12345678,14034,31,2001,127,308,500,375,2895,1279,550,2906,0
LT5,12345678,14034,31,2001,135,421,594,514,2907,1339,696,2901,0
LE7,12345678,14034,31,2001,143,2194,2392,2350,4615,3322,2334,2902,4
LT5,12345678,14034,31,2001,151,1243,1353,1226,3203,1490,971,2729,4
LE7,12345678,14034,31,2001,159,793,886,746,2833,1268,708,2906,4
LE7,12345678,14034,31,2001,175,20000,3335,3265,4699,1500,1185,2547,4
LT5,12345678,14034,31,2001,183,361,501,386,3137,1165,540,2892,0
LE7,12345678,14034,31,2001,191,268,385,272,2857,1084,481,2985,0
LE7,12345678,14034,31,2001,207,20000,20000,20000,6133,4727,3754,2746,4
LT5,12345678,14034,31,2001,215,239,389,291,2866,993,380,2968,0
LE7,12345678,14034,31,2001,223,1019,994,708,3627,1144,448,2933,0
LT5,12345678,14034,31,2001,231,4523,4442,4230,6056,4151,3365,2731,4
LE7,12345678,14034,31,2001,239,385,475,287,2938,977,372,2944,0
LT5,12345678,14034,31,2001,247,400,491,356,2813,975,384,2924,0
LE7,12345678,14034,31,2001,255,190,306,216,2609,915,334,2944,0
LE7,12345678,14034,31,2001,271,256,372,242,2642,918,380,2875,0
LE7,12345678,14034,31,2001,287,552,690,598,2455,1121,656,2847,4
LT5,12345678,14034,31,2001,295,306,467,355,2467,940,427,2928,0
LE7,12345678,14034,31,2001,303,339,410,313,2501,1032,437,2869,0
LT5,12345678,14034,31,2001,311,306,491,409,2353,1032,417,2873,0
LE7,12345678,14034,31,2001,319,346,440,289,2495,932,373,2880,0
LT5,12345678,14034,31,2001,327,355,538,334,2365,884,413,2840,0
LE7,12345678,14034,31,2001,335,532,493,410,1635,839,449,2886,2
LT5,12345678,14034,31,2001,343,5310,5345,5299,5930,4355,3165,2585,4
LE7,12345678,14034,31,2001,351,5464,4992,4911,5176,2464,1930,2620,4
LT5,12345678,14034,31,2001,359,314,366,352,2350,848,324,2766,0
LE7,12345678,14034,31,2002,2,796,894,810,2928,1323,761,2669,0
LT5,12345678,14034,31,2002,10,6415,6341,6267,6691,3222,2998,2321,4
LE7,12345678,14034,31,2002,18,404,460,341,2138,760,293,2758,0
LT5,12345678,14034,31,2002,26,260,365,354,2181,866,406,2811,0
LE7,12345678,14034,31,2002,34,2491,2490,2447,3402,1920,1573,2531,4
LT5,12345678,14034,31,2002,42,20000,6724,6736,7000,5709,4851,2645,4
LE7,12345678,14034,31,2002,50,228,359,257,2229,932,435,2818,0
LE7,12345678,14034,31,2002,66,1772,1733,1658,2934,1594,1128,2627,4
LE7,12345678,14034,31,2002,82,290,409,333,2263,1070,484,2795,0
LE7,12345678,14034,31,2002,98,1149,1203,1044,2796,1525,884,2813,4
LE7,12345678,14034,31,2002,114,260,396,331,2635,1140,518,2880,0
LT5,12345678,14034,31,2002,122,20000,4822,4753,5511,3178,2615,2372,4
LE7,12345678,14034,31,2002,130,304,445,290,2583,1064,386,2944,0
LE7,12345678,14034,31,2002,146,1045,1153,988,3302,1632,1009,2758,4
LE7,12345678,14034,31,2002,162,609,738,523,3489,1342,627,2923,4
LT5,12345678,14034,31,2002,170,1775,1632,1452,2782,1621,1191,2766,4
LE7,12345678,14034,31,2002,178,2726,2754,2599,4784,3258,2711,2812,4
LT5,12345678,14034,31,2002,186,398,549,438,3067,1090,414,2972,0
LE7,12345678,14034,31,2002,194,1687,1773,1639,3524,1417,1021,2662,4
LT5,12345678,14034,31,2002,202,434,529,396,3088,1004,421,2981,0
LE7,12345678,14034,31,2002,210,374,469,265,2989,1011,405,2965,0
LT5,12345678,14034,31,2002,218,193,339,242,2834,893,315,2968,0
LE7,12345678,14034,31,2002,226,444,492,311,3088,1069,389,3000,0
LT5,12345678,14034,31,2002,234,1037,1150,907,3247,1343,690,2919,0
LT5,12345678,14034,31,2002,250,264,435,313,3245,1073,419,2950,0
LE7,12345678,14034,31,2002,258,20000,20000,20000,7249,2813,1981,2746,4
LT5,12345678,14034,31,2002,266,1080,1150,1096,2293,950,593,2781,4
LE7,12345678,14034,31,2002,274,308,416,234,2781,1003,398,2944,0
LE7,12345678,14034,31,2002,290,1611,1644,1638,3120,2440,2159,2800,4
LE7,12345678,14034,31,2002,306,202,422,273,2545,829,310,2801,0
LT5,12345678,14034,31,2002,314,2328,2271,2107,2455,1903,1586,2796,4
LE7,12345678,14034,31,2002,322,235,328,328,2405,861,312,2807,0
LT5,12345678,14034,31,2002,330,299,553,444,2394,928,431,2816,0
LE7,12345678,14034,31,2002,338,217,258,204,1514,513,206,2715,0
LT5,12345678,14034,31,2002,346,2670,2880,2767,3876,3485,3281,2718,4
LT5,12345678,14034,31,2002,362,194,335,252,2303,822,329,2755,0
LT5,12345678,14034,31,2003,13,293,438,227,2239,876,385,2745,0
LE7,12345678,14034,31,2003,21,5865,5574,5476,5695,3457,3101,2599,4
LE7,12345678,14034,31,2003,37,4029,3901,3920,4370,1776,1538,2499,4
LT5,12345678,14034,31,2003,45,1040,1162,1069,2515,1512,950,2651,4
LE7,12345678,14034,31,2003,69,409,526,422,2294,1094,538,2740,0
LT5,12345678,14034,31,2003,77,1287,1272,1220,2357,1346,941,2729,2
LE7,12345678,14034,31,2003,85,392,489,411,2334,1139,501,2907,0
LT5,12345678,14034,31,2003,93,319,491,424,2359,1205,619,2946,0
LT5,12345678,14034,31,2003,109,20000,6597,6615,6913,5897,4959,2776,4
LE7,12345678,14034,31,2003,117,441,663,559,3149,1400,672,2912,0
LE7,12345678,14034,31,2003,133,20000,20000,20000,8161,20000,5272,2688,4
LT5,12345678,14034,31,2003,141,20000,8033,20000,8149,4923,3829,2493,4
LE7,12345678,14034,31,2003,149,3310,3275,3195,4834,4207,3770,2764,4
LT5,12345678,14034,31,2003,157,291,467,324,2654,1043,433,2942,0
LT5,12345678,14034,31,2003,189,20000,4806,4573,6088,4937,4550,2859,4
LE7,12345678,14034,31,2003,197,439,563,381,3295,1138,421,2938,0
LT5,12345678,14034,31,2003,205,1098,1081,962,2314,1091,771,2811,4
LE7,12345678,14034,31,2003,213,715,752,501,3409,1124,387,2933,0
LE7,12345678,14034,31,2003,229,1964,1988,1840,4101,2620,2136,2830,4
LT5,12345678,14034,31,2003,237,370,533,357,2848,963,367,2933,0
LE7,12345678,14034,31,2003,245,659,768,619,3389,1409,751,2818,4
LT5,12345678,14034,31,2003,253,302,415,300,2716,971,422,2919,0
LT5,12345678,14034,31,2003,269,508,571,440,2707,1086,367,2942,0
LE7,12345678,14034,31,2003,277,1166,1251,1081,3024,2097,1542,2806,4
LT5,12345678,14034,31,2003,285,603,730,611,2652,1232,593,2831,4
LT5,12345678,14034,31,2003,301,20000,8265,8117,8288,6755,5227,2760,4
LT5,12345678,14034,31,2003,317,375,491,403,2343,1078,494,2840,0
LT5,12345678,14034,31,2003,333,244,487,288,2134,890,416,2776,0
LE7,12345678,14034,31,2003,341,263,441,348,2227,884,378,2708,2
LT5,12345678,14034,31,2003,349,1582,1619,1584,2713,2180,1371,2745,4
LE7,12345678,14034,31,2003,357,259,352,307,2193,930,449,2823,0
LT5,12345678,14034,31,2003,365,269,360,350,2156,989,395,2776,0
LE7,12345678,14034,31,2004,8,1452,1418,1359,2775,1561,1020,2613,4
LT5,12345678,14034,31,2004,16,209,349,280,2003,877,562,2674,0
LT5,12345678,14034,31,2004,32,595,681,603,2420,760,272,2702,0
LE7,12345678,14034,31,2004,40,2087,2066,2007,3058,1525,1127,2591,4
LT5,12345678,14034,31,2004,48,5587,5593,5480,5827,2671,1965,2621,4
LE7,12345678,14034,31,2004,56,311,376,353,2110,1102,461,2759,0
LT5,12345678,14034,31,2004,64,20000,5452,5228,5812,3319,2869,2404,4
LE7,12345678,14034,31,2004,72,337,428,403,2114,1197,560,2830,0
LT5,12345678,14034,31,2004,80,2328,2470,2353,2948,2603,2140,2723,4
LT5,12345678,14034,31,2004,96,339,458,455,2033,1180,573,2796,0
LT5,12345678,14034,31,2004,112,2505,2487,2401,3698,2781,1996,2864,4
LE7,12345678,14034,31,2004,120,300,468,393,2450,1264,521,2923,0
LT5,12345678,14034,31,2004,128,1503,1689,1628,3812,2837,2094,2821,4
LE7,12345678,14034,31,2004,136,293,478,375,2712,1254,500,2959,0
LT5,12345678,14034,31,2004,144,472,598,515,2799,1286,589,2946,0
LE7,12345678,14034,31,2004,152,20000,20000,20000,20000,2020,1952,2233,4
LT5,12345678,14034,31,2004,160,882,1037,950,3387,1660,1038,2771,4
LT5,12345678,14034,31,2004,176,338,498,441,2705,1107,513,2928,0
LE7,12345678,14034,31,2004,184,494,578,389,3295,1167,462,2959,0
LT5,12345678,14034,31,2004,192,364,529,402,3001,1142,481,2964,0
LE7,12345678,14034,31,2004,200,20000,20000,20000,6243,4571,3796,2758,4
LT5,12345678,14034,31,2004,208,20000,8118,20000,8464,5734,3675,2864,4
LT5,12345678,14034,31,2004,224,361,482,346,3042,1055,429,2946,0
LE7,12345678,14034,31,2004,232,1204,1256,1149,2920,1256,869,2695,4
LT5,12345678,14034,31,2004,240,246,414,267,2543,913,369,2955,2
LE7,12345678,14034,31,2004,248,20000,20000,20000,7412,2967,2660,2490,4
LT5,12345678,14034,31,2004,256,298,426,310,2608,1017,460,2937,0
LE7,12345678,14034,31,2004,264,2739,2897,2840,4751,4062,3105,2852,4
LE7,12345678,14034,31,2004,296,1717,1690,1650,3155,2461,1781,2818,4
LT5,12345678,14034,31,2004,320,283,372,266,2059,869,428,2821,0
LE7,12345678,14034,31,2004,344,449,470,378,1503,703,447,,
LT5,12345678,14034,31,2004,352,314,339,332,2087,824,381,2796,0
LE7,12345678,14034,31,2004,360,169,263,255,1560,564,322,2708,2
LT5,12345678,14034,31,2005,2,3033,3092,2993,3870,2771,2211,2493,4
LE7,12345678,14034,31,2005,10,2997,2843,2864,3528,3391,2780,2783,4
LT5,12345678,14034,31,2005,18,299,368,292,1965,829,349,2662,0
LE7,12345678,14034,31,2005,42,337,332,329,2080,991,513,2753,0
LT5,12345678,14034,31,2005,50,300,445,416,1998,988,472,2734,0
LE7,12345678,14034,31,2005,58,1030,1067,1027,2310,1338,907,2620,4
LT5,12345678,14034,31,2005,66,684,854,819,2219,1445,924,2781,0
LE7,12345678,14034,31,2005,74,293,432,397,2070,1097,510,2783,0
LE7,12345678,14034,31,2005,90,20000,4173,4166,4804,2168,1967,2393,4
LE7,12345678,14034,31,2005,106,888,1120,1443,2361,3160,2653,2918,0
LT5,12345678,14034,31,2005,114,787,1013,1281,2172,3034,2239,2919,0
LE7,12345678,14034,31,2005,122,20000,20000,20000,7629,1934,1701,2439,4
LT5,12345678,14034,31,2005,130,1086,1435,1755,2871,3639,2931,2985,0
LE7,12345678,14034,31,2005,138,20000,20000,20000,6875,20000,5015,2758,4
LT5,12345678,14034,31,2005,146,20000,20000,20000,8776,20000,4476,2723,4
LT5,12345678,14034,31,2005,162,807,1038,1221,2246,2862,2170,2964,0
LE7,12345678,14034,31,2005,170,3212,3231,3239,4984,3720,3094,2782,4
LT5,12345678,14034,31,2005,178,20000,8117,20000,8313,5159,3462,2855,4
LE7,12345678,14034,31,2005,186,917,1161,1351,2838,3627,2745,2979,0
LT5,12345678,14034,31,2005,194,2050,2172,2116,3964,2448,1915,2781,4
LE7,12345678,14034,31,2005,202,1024,1197,1401,3058,3934,2984,3039,4
LT5,12345678,14034,31,2005,210,20000,20000,20000,20000,2787,2357,2500,4
LE7,12345678,14034,31,2005,218,1240,1125,986,3552,3082,2163,2923,0
LT5,12345678,14034,31,2005,226,776,1064,1086,2441,3051,2344,3002,0
LE7,12345678,14034,31,2005,234,868,1021,1203,2330,2954,2159,3019,0
LT5,12345678,14034,31,2005,242,2909,3016,2902,4220,2071,1461,2657,4
LE7,12345678,14034,31,2005,250,1062,1322,1503,2941,3812,2715,2999,2
LT5,12345678,14034,31,2005,258,2053,2064,1961,2873,2077,1570,2713,4
LE7,12345678,14034,31,2005,266,931,1095,1244,2453,3344,2595,3014,0
LT5,12345678,14034,31,2005,274,920,1172,1322,2198,3241,2649,2985,0
LT5,12345678,14034,31,2005,290,544,719,827,1468,2352,1765,2910,0
LT5,12345678,14034,31,2005,306,689,773,851,1484,2310,1814,2878,0
LE7,12345678,14034,31,2005,314,707,764,940,1650,2393,1760,2858,0
LT5,12345678,14034,31,2005,322,572,794,883,1366,2182,1563,2786,0
LE7,12345678,14034,31,2005,330,625,691,803,1425,1929,1405,2770,0
LE7,12345678,14034,31,2005,346,506,562,518,1028,1041,614,2759,4
LE7,12345678,14034,31,2005,362,1707,1713,1798,2326,1566,1301,2606,4
LE7,12345678,14034,31,2006,13,5259,5099,5088,5694,3067,2757,2384,4
LT5,12345678,14034,31,2006,21,6975,6998,6924,7230,4628,2965,2520,4
LT5,12345678,14034,31,2006,37,593,653,804,1203,2165,1444,2796,0
LE7,12345678,14034,31,2006,45,607,642,803,1289,1778,1266,2777,0
LE7,12345678,14034,31,2006,61,4383,4294,4326,5102,4135,3681,2491,4
LT5,12345678,14034,31,2006,69,1800,2007,2001,2931,2869,2313,2668,4
LE7,12345678,14034,31,2006,77,837,1038,1225,1883,3205,2450,2847,0
LE7,12345678,14034,31,2006,93,20000,20000,20000,10214,20000,6370,2628,4
LT5,12345678,14034,31,2006,101,924,1163,1324,2036,3572,2925,2976,0
LE7,12345678,14034,31,2006,109,847,1091,1266,2095,3290,2493,2980,0
LT5,12345678,14034,31,2006,117,727,917,1032,1785,2819,2231,2959,0
LE7,12345678,14034,31,2006,125,20000,20000,20000,20000,4947,4081,2599,4
LT5,12345678,14034,31,2006,133,796,995,1146,2024,3020,2262,2976,0
LE7,12345678,14034,31,2006,141,858,993,1203,2228,3181,2331,2994,0
LT5,12345678,14034,31,2006,149,885,1189,1396,2478,3640,2748,3023,0
LE7,12345678,14034,31,2006,157,20000,20000,20000,5751,4583,3861,2813,4
LE7,12345678,14034,31,2006,173,20000,20000,20000,6163,2873,2527,2345,4
LT5,12345678,14034,31,2006,181,588,758,819,1960,2644,1793,2998,0
LE7,12345678,14034,31,2006,189,20000,20000,20000,8667,2935,2877,2281,4
LT5,12345678,14034,31,2006,197,593,787,816,2239,2225,1423,2994,0
LE7,12345678,14034,31,2006,205,527,737,721,2415,2284,1439,3004,0
LT5,12345678,14034,31,2006,213,670,925,869,2718,2951,2002,2998,0
LE7,12345678,14034,31,2006,221,557,858,788,3186,2833,1736,3034,0
LT5,12345678,14034,31,2006,229,265,320,237,664,463,310,2998,2
LE7,12345678,14034,31,2006,237,1039,1050,851,3177,2404,1418,2949,0
LE7,12345678,14034,31,2006,253,656,746,646,2739,2481,1568,2970,0
LT5,12345678,14034,31,2006,261,423,604,585,2099,1940,1151,2972,0
LE7,12345678,14034,31,2006,269,414,607,632,2184,2142,1315,2959,0
LT5,12345678,14034,31,2006,277,529,679,799,2282,2403,1493,2950,0
LE7,12345678,14034,31,2006,285,20000,20000,20000,7243,5465,4351,2847,4
LT5,12345678,14034,31,2006,293,20000,7806,7805,8405,6629,5532,2869,4
LE7,12345678,14034,31,2006,301,740,836,908,2475,2006,1315,2875,0
LT5,12345678,14034,31,2006,309,565,736,820,1765,2143,1430,2831,0
LT5,12345678,14034,31,2006,325,512,742,911,1712,2313,1561,2806,0
LE7,12345678,14034,31,2006,333,1130,1368,1569,2669,2396,1629,2746,4
LT5,12345678,14034,31,2006,341,550,635,796,1506,2222,1543,2840,0
LE7,12345678,14034,31,2006,349,525,558,711,1604,1943,1254,2835,0
LE7,12345678,14034,31,2006,365,4188,3985,4003,4342,3106,2398,2570,4
LT5,12345678,14034,31,2007,24,633,746,695,1323,1156,667,2713,0
LT5,12345678,14034,31,2007,40,840,1024,1218,1917,2758,1958,2729,0
LE7,12345678,14034,31,2007,48,2142,2110,2174,2944,2480,1840,2562,4
LE7,12345678,14034,31,2007,64,675,702,881,1574,2308,1600,2807,0
LT5,12345678,14034,31,2007,72,710,821,1008,1756,2607,1827,2897,0
LE7,12345678,14034,31,2007,80,3706,3567,3600,4346,3675,3050,2759,4
LT5,12345678,14034,31,2007,88,620,857,1001,1772,2897,2065,2897,0
LE7,12345678,14034,31,2007,96,20000,20000,20000,5841,5330,4588,2649,4
LT5,12345678,14034,31,2007,104,20000,3999,4023,4923,3080,2549,2603,4
LE7,12345678,14034,31,2007,112,711,868,1013,1929,2830,2016,3009,0
LT5,12345678,14034,31,2007,120,20000,20000,20000,20000,20000,4739,2615,4
LE7,12345678,14034,31,2007,128,2501,2596,2530,4162,3082,2113,2824,4
LT5,12345678,14034,31,2007,136,1372,1614,1562,3265,3115,2184,2811,4
LE7,12345678,14034,31,2007,144,738,941,1066,2475,3324,2295,3019,0
LT5,12345678,14034,31,2007,152,724,1030,1091,2533,3056,2155,3002,0
LE7,12345678,14034,31,2007,160,741,936,878,2423,2104,1360,2864,4
LT5,12345678,14034,31,2007,168,640,932,1014,2423,3088,2076,3019,0
LE7,12345678,14034,31,2007,176,20000,20000,20000,7561,2850,2461,2430,4
LT5,12345678,14034,31,2007,184,588,901,904,2583,3143,2168,3019,0
LE7,12345678,14034,31,2007,192,1268,1418,1316,3744,3974,2379,2975,0
LT5,12345678,14034,31,2007,200,874,1144,1074,2775,2805,1769,2924,4
LE7,12345678,14034,31,2007,208,20000,20000,20000,7089,20000,5936,2907,4
LT5,12345678,14034,31,2007,216,632,836,767,2678,2941,1973,3023,0
LE7,12345678,14034,31,2007,224,512,762,740,2857,2994,1778,3024,0
LT5,12345678,14034,31,2007,232,1570,1725,1463,3787,2206,1405,2887,4
LE7,12345678,14034,31,2007,240,432,678,628,2839,2661,1561,2995,0
LT5,12345678,14034,31,2007,248,484,775,722,2560,2509,1434,2998,0
LE7,12345678,14034,31,2007,256,586,720,702,2846,2734,1634,2995,0
LT5,12345678,14034,31,2007,264,20000,7335,7191,8413,5968,5009,2533,4
LE7,12345678,14034,31,2007,272,453,607,674,2186,2468,1455,2980,0
LE7,12345678,14034,31,2007,288,418,619,648,2079,2374,1431,2939,0
LE7,12345678,14034,31,2007,304,482,516,610,1905,2290,1287,,
LE7,12345678,14034,31,2007,320,695,845,923,2330,2665,1735,2789,4
LE7,12345678,14034,31,2007,336,4885,4689,4718,5412,2499,2174,2523,4
LE7,12345678,14034,31,2007,352,436,599,725,1664,2133,1319,2747,0
LE7,12345678,14034,31,2008,3,446,611,732,1514,2184,1401,2709,0
LE7,12345678,14034,31,2008,19,20000,20000,20000,8851,2232,2151,2374,4
LT5,12345678,14034,31,2008,27,1817,2004,2051,2724,3134,2983,2679,4
LE7,12345678,14034,31,2008,35,531,681,796,1758,2345,1554,2836,0
LE7,12345678,14034,31,2008,51,557,662,826,1641,2304,1521,2795,0
LT5,12345678,14034,31,2008,59,541,712,852,1524,2567,1649,2750,0
LT5,12345678,14034,31,2008,75,20000,5366,5389,6502,7052,5868,2791,4
LE7,12345678,14034,31,2008,83,627,730,888,1832,2633,1824,2853,0
LT5,12345678,14034,31,2008,107,625,749,868,1792,2827,1858,2950,0
LE7,12345678,14034,31,2008,115,634,816,840,2142,2658,1654,2975,0
LT5,12345678,14034,31,2008,123,609,824,817,2217,2633,1598,2950,0
LT5,12345678,14034,31,2008,139,1574,1731,1598,3185,2492,1749,2745,4
LE7,12345678,14034,31,2008,147,551,753,736,2536,2305,1424,2959,0
LT5,12345678,14034,31,2008,155,455,749,642,2580,2343,1414,2972,0
LE7,12345678,14034,31,2008,163,414,714,597,2900,2354,1297,2980,0
LT5,12345678,14034,31,2008,171,389,706,607,2802,2468,1407,2968,0
LE7,12345678,14034,31,2008,179,890,937,804,2713,1666,968,,
LE7,12345678,14034,31,2008,195,324,615,508,3243,2320,1217,3014,0
LT5,12345678,14034,31,2008,203,400,651,563,2994,2352,1244,3006,0
LE7,12345678,14034,31,2008,211,20000,20000,20000,9825,5610,3768,2746,4
LT5,12345678,14034,31,2008,219,1590,1820,1648,4573,2821,1804,2755,4
LE7,12345678,14034,31,2008,227,407,639,537,3376,2433,1249,2970,0
LT5,12345678,14034,31,2008,235,2597,3099,3046,4994,4209,3361,2937,4
LE7,12345678,14034,31,2008,243,1098,1086,983,2634,1693,1012,2869,4
LT5,12345678,14034,31,2008,251,425,687,651,3171,2289,1219,2972,0
LE7,12345678,14034,31,2008,259,303,518,439,2622,2095,1014,2954,0
LT5,12345678,14034,31,2008,267,4025,4252,4120,5686,4708,4408,2845,4
LE7,12345678,14034,31,2008,275,348,386,338,1396,779,277,2890,0
LT5,12345678,14034,31,2008,283,1746,1803,1737,3040,2124,1554,2811,4
LE7,12345678,14034,31,2008,291,20000,20000,20000,7958,3807,2186,2620,4
LE7,12345678,14034,31,2008,307,1263,1231,1153,2295,1852,1107,2812,4
LT5,12345678,14034,31,2008,315,414,591,629,1774,2130,1348,2850,0
LE7,12345678,14034,31,2008,323,1486,1598,1563,2900,2249,1466,2688,4
LT5,12345678,14034,31,2008,331,385,562,606,1597,1753,1078,2796,0
LE7,12345678,14034,31,2008,339,728,745,797,1990,1853,1268,2770,2
LE7,12345678,14034,31,2009,5,1868,1734,1694,2288,1711,1249,2733,4
LE7,12345678,14034,31,2009,21,461,560,714,1890,2142,1218,2715,0
LT5,12345678,14034,31,2009,29,427,501,678,1658,1616,982,2760,0
LE7,12345678,14034,31,2009,37,480,642,864,1942,2174,1244,2753,0
LT5,12345678,14034,31,2009,45,833,973,1142,2459,2518,1629,2739,4
LT5,12345678,14034,31,2009,77,529,649,778,1791,2212,1291,2864,0
LT5,12345678,14034,31,2009,93,20000,5712,5761,6720,4053,3315,2627,4
LE7,12345678,14034,31,2009,101,20000,20000,20000,10257,5866,4276,2765,4
LT5,12345678,14034,31,2009,109,2368,2297,2275,3575,2394,1687,2627,4
LE7,12345678,14034,31,2009,117,469,705,793,2260,2461,1511,3029,0
LE7,12345678,14034,31,2009,133,424,665,605,2593,2327,1320,2959,0
LT5,12345678,14034,31,2009,141,324,587,594,2457,2370,1321,2977,0
LE7,12345678,14034,31,2009,149,3167,3098,3009,4533,2830,2095,2599,4
LT5,12345678,14034,31,2009,173,20000,5475,5414,6434,4665,3603,2812,4
LE7,12345678,14034,31,2009,181,330,571,398,3280,2162,989,2995,0
LT5,12345678,14034,31,2009,189,259,557,468,3401,2072,1085,2972,0
LE7,12345678,14034,31,2009,197,1888,1919,1766,4115,2141,1344,2689,4
LT5,12345678,14034,31,2009,205,628,873,795,3527,2545,1366,2942,4
LE7,12345678,14034,31,2009,213,280,494,384,3184,1982,924,2954,0
LT5,12345678,14034,31,2009,221,483,701,540,3274,1941,967,2938,0
LE7,12345678,14034,31,2009,229,1709,1736,1588,2993,1395,1095,2709,4
LT5,12345678,14034,31,2009,237,260,469,350,3101,1638,737,2955,0
LE7,12345678,14034,31,2009,245,400,551,332,3681,1825,853,2949,0
LE7,12345678,14034,31,2009,261,3217,3142,3044,4450,2420,1959,2523,4
LT5,12345678,14034,31,2009,269,437,567,514,3078,1698,840,2888,0
LE7,12345678,14034,31,2009,277,296,445,361,2659,1575,740,2934,0
LE7,12345678,14034,31,2009,293,294,433,434,2331,1484,716,2880,0
LT5,12345678,14034,31,2009,301,158,376,398,2497,1420,663,2902,0
LE7,12345678,14034,31,2009,309,319,431,456,2218,1502,808,2847,0
LE7,12345678,14034,31,2009,325,3125,3139,3088,3850,1931,1570,2507,4
LT5,12345678,14034,31,2009,333,241,413,468,1854,1484,841,2837,0
LE7,12345678,14034,31,2009,341,577,680,702,2381,1691,869,2777,0
LE7,12345678,14034,31,2009,357,1101,1200,1319,2941,1153,560,2740,0
LE7,12345678,14034,31,2010,8,2782,2844,2869,4415,863,566,2715,3
LT5,12345678,14034,31,2010,16,2586,2507,2578,3768,2577,1845,2511,4
LE7,12345678,14034,31,2010,24,3712,3754,3752,4691,3229,2817,2621,4
LT5,12345678,14034,31,2010,32,3905,3786,4254,5838,1023,543,2693,3
LE7,12345678,14034,31,2010,40,5825,5678,5698,6160,2363,2193,2523,4
LT5,12345678,14034,31,2010,48,5658,5314,5628,6624,5479,5457,2600,4
LE7,12345678,14034,31,2010,56,20000,20000,20000,20000,7162,6035,2668,4
LT5,12345678,14034,31,2010,64,1380,1502,1673,3115,2350,1675,2699,4
LT5,12345678,14034,31,2010,80,551,766,859,2273,2196,1321,2920,0
LT5,12345678,14034,31,2010,96,531,778,876,2428,2261,1445,2959,0
LE7,12345678,14034,31,2010,104,1159,1184,1118,2567,1527,828,2829,4
LT5,12345678,14034,31,2010,112,728,987,1098,3196,2704,1595,2920,0
LE7,12345678,14034,31,2010,120,434,706,771,2896,2427,1346,2974,0
LT5,12345678,14034,31,2010,128,572,938,876,3041,2473,1431,2968,0
LE7,12345678,14034,31,2010,136,700,953,982,3376,2560,1479,2896,0
LE7,12345678,14034,31,2010,152,2847,2841,2742,4390,2518,1895,2546,4
LE7,12345678,14034,31,2010,168,312,532,472,3157,2143,1035,3033,0
LT5,12345678,14034,31,2010,176,373,675,565,3009,2102,1091,2994,0
LE7,12345678,14034,31,2010,184,382,634,560,3147,2403,1302,3018,0
LT5,12345678,14034,31,2010,192,20000,6667,6736,7916,5163,3512,2803,4
LE7,12345678,14034,31,2010,200,3106,3038,2822,4868,3149,2393,,
LT5,12345678,14034,31,2010,208,455,715,643,2904,1981,1056,2933,0
LE7,12345678,14034,31,2010,216,2912,2634,2405,3394,1836,1229,2874,2
LT5,12345678,14034,31,2010,224,20000,8497,20000,9128,3124,2656,2462,4
LT5,12345678,14034,31,2010,240,277,467,406,2880,1808,934,2964,0
LE7,12345678,14034,31,2010,248,194,411,312,2956,1612,816,2969,0
LT5,12345678,14034,31,2010,256,310,489,387,2937,1610,742,2929,0
LE7,12345678,14034,31,2010,264,277,392,408,2725,1669,793,2964,0
LE7,12345678,14034,31,2010,280,277,407,350,2535,1550,727,2912,0
LT5,12345678,14034,31,2010,288,310,431,451,2320,1462,754,2874,0
LE7,12345678,14034,31,2010,296,298,380,383,2387,1440,756,2879,0
LT5,12345678,14034,31,2010,304,813,858,828,2884,2010,1066,2793,4
LE7,12345678,14034,31,2010,312,329,424,364,2235,1483,672,2840,2
LT5,12345678,14034,31,2010,320,5326,5225,5175,5914,4805,3764,2600,4
LE7,12345678,14034,31,2010,328,364,414,401,2135,1442,696,2812,0
LT5,12345678,14034,31,2010,336,1275,1310,1355,2866,1994,1226,2648,4
LE7,12345678,14034,31,2010,344,3792,3681,3664,4359,1937,1571,2546,4
LT5,12345678,14034,31,2010,352,6024,5713,5767,6528,2787,2430,2337,4
LT5,12345678,14034,31,2011,3,288,327,405,1887,1179,565,2720,0
LT5,12345678,14034,31,2011,19,7707,6904,7069,7874,6800,6082,2699,4
LE7,12345678,14034,31,2011,27,1092,1149,1081,2669,684,400,2740,3
LT5,12345678,14034,31,2011,35,4254,4068,4110,4749,2442,1931,2362,4
LE7,12345678,14034,31,2011,43,4176,4040,4074,4952,2157,1729,2577,4
LT5,12345678,14034,31,2011,51,1226,1292,1350,2744,2114,1419,2642,4
LE7,12345678,14034,31,2011,59,1731,1694,1763,2461,1401,976,2695,4
LT5,12345678,14034,31,2011,67,354,556,639,2085,1661,926,2812,0
LT5,12345678,14034,31,2011,99,1318,1457,1581,3373,2517,1695,2812,0
LE7,12345678,14034,31,2011,107,429,593,684,2468,1956,1150,2906,0
LT5,12345678,14034,31,2011,115,489,672,692,2656,2181,1276,2955,0
LE7,12345678,14034,31,2011,123,1468,1552,1416,3330,1945,1185,2714,4
LT5,12345678,14034,31,2011,131,483,754,681,3075,2332,1147,2938,0
LE7,12345678,14034,31,2011,139,20000,20000,20000,5312,1411,1147,2554,4
LT5,12345678,14034,31,2011,147,389,679,535,3414,1967,1025,2981,0
LE7,12345678,14034,31,2011,155,385,598,498,3179,2023,980,2989,0
LT5,12345678,14034,31,2011,163,605,876,722,3177,1869,1001,2874,4
LE7,12345678,14034,31,2011,171,20000,20000,20000,20000,2485,2456,2291,4
LT5,12345678,14034,31,2011,179,438,647,530,2738,1486,763,2933,0
LE7,12345678,14034,31,2011,187,20000,20000,20000,6632,3110,2650,2507,4
LT5,12345678,14034,31,2011,195,277,473,393,2966,1682,798,2972,0
LE7,12345678,14034,31,2011,203,376,563,405,3056,1829,843,3033,0
LT5,12345678,14034,31,2011,211,300,470,443,2925,1674,746,2977,0
LE7,12345678,14034,31,2011,219,1100,1050,795,2631,1003,493,2938,4
LT5,12345678,14034,31,2011,227,382,550,447,3111,1553,721,2946,0
LE7,12345678,14034,31,2011,235,284,463,328,2951,1512,693,2964,0
LT5,12345678,14034,31,2011,243,220,377,332,2787,1393,701,2964,0
LE7,12345678,14034,31,2011,251,20000,20000,20000,7798,1506,1436,2393,4
LT5,12345678,14034,31,2011,259,512,719,675,2706,1293,786,2788,2
LE7,12345678,14034,31,2011,283,619,726,584,2876,1477,834,2857,0
LT5,12345678,14034,31,2011,291,406,536,443,2412,1234,556,2870,4
LE7,12345678,14034,31,2011,299,366,486,457,2468,1416,711,2885,2
LT5,12345678,14034,31,2011,307,1259,1227,1213,3074,1805,1121,2676,4
LE7,12345678,14034,31,2011,315,287,385,387,2489,1295,602,2806,2
LE7,12345678,14034,31,2011,331,337,530,477,2449,1347,733,2857,2
LE7,12345678,14034,31,2011,347,226,349,276,2272,1157,631,2782,0
LE7,12345678,14034,31,2011,363,1182,1294,1208,2809,1601,1024,2668,4
LE7,12345678,14034,31,2012,30,336,408,422,2121,1260,603,2776,0
LE7,12345678,14034,31,2012,46,344,471,491,2305,1531,714,2823,0
LE7,12345678,14034,31,2012,62,1649,1556,1457,2440,1620,1273,2752,4
LE7,12345678,14034,31,2012,94,355,518,498,2396,1774,940,2906,0
LE7,12345678,14034,31,2012,110,2060,2119,2025,3663,3028,2192,2835,4
LE7,12345678,14034,31,2012,126,20000,4285,4137,5813,4327,3712,2714,4
LE7,12345678,14034,31,2012,142,20000,20000,20000,6965,3101,2543,2430,4
LE7,12345678,14034,31,2012,158,20000,20000,20000,6091,4524,3889,2701,4
LE7,12345678,14034,31,2012,174,394,524,356,3453,1594,682,2989,0
LE7,12345678,14034,31,2012,190,1065,1159,968,3481,1588,955,2840,4
LE7,12345678,14034,31,2012,206,549,696,559,3452,1642,840,2943,4
LE7,12345678,14034,31,2012,222,365,355,221,1208,330,154,2928,2
LE7,12345678,14034,31,2012,254,197,318,173,2827,1123,447,2922,0
LE7,12345678,14034,31,2012,270,368,475,335,2886,1103,500,2922,0
LE7,12345678,14034,31,2012,286,225,278,210,2663,973,388,2885,0
LE7,12345678,14034,31,2012,334,303,419,271,2551,958,418,2788,0
LE7,12345678,14034,31,2012,350,1154,1109,1059,2540,1119,686,2733,4
LE7,12345678,14034,31,2012,366,2147,2151,2089,3929,2064,1605,2599,4
LE7,12345678,14034,31,2013,32,1648,1761,1661,4003,2499,1913,2675,4
LE7,12345678,14034,31,2013,48,415,495,418,2938,904,314,2727,0
LE7,12345678,14034,31,2013,64,334,509,386,2430,1167,519,2782,0
LE7,12345678,14034,31,2013,96,364,508,487,2551,1307,663,2840,0
LC8,12345678,14034,31,2013,104,252,292,525,467,2669,789,2916,0
LE7,12345678,14034,31,2013,128,1429,1479,1304,2789,1355,907,2682,4
LC8,12345678,14034,31,2013,136,1216,1205,1398,1248,3562,999,2766,4
LC8,12345678,14034,31,2013,152,169,224,456,305,3404,624,2994,0
LE7,12345678,14034,31,2013,160,20000,4133,20000,5327,1950,1669,2402,4
LC8,12345678,14034,31,2013,168,7989,8129,8241,8336,8584,3652,2540,4
LE7,12345678,14034,31,2013,176,1289,1489,1429,4024,2376,1421,2938,0
LC8,12345678,14034,31,2013,184,5333,5581,6048,6175,7628,5176,2903,4
LC8,12345678,14034,31,2013,200,112,146,373,201,3670,451,3002,0
LC8,12345678,14034,31,2013,216,122,156,389,218,3521,435,2953,0
LE7,12345678,14034,31,2013,224,3011,2791,2492,3555,1948,1191,2890,4
LC8,12345678,14034,31,2013,232,3625,3766,3953,4014,5349,3261,2846,4
LC8,12345678,14034,31,2013,248,127,167,346,227,3097,430,2973,0
LE7,12345678,14034,31,2013,256,182,369,271,2962,1032,363,2928,0
LC8,12345678,14034,31,2013,264,142,173,367,253,3022,443,2952,0
LE7,12345678,14034,31,2013,272,2169,2138,1947,3757,2562,2127,2868,4
LE7,12345678,14034,31,2013,288,1190,1182,1091,2751,1605,1043,2818,4
LE7,12345678,14034,31,2013,304,1832,1784,1703,3057,1732,1243,2682,4
LC8,12345678,14034,31,2013,312,128,167,312,229,2476,365,2820,0
LE7,12345678,14034,31,2013,320,3778,3725,3623,4179,2812,1821,2733,4
LC8,12345678,14034,31,2013,328,2588,2664,2823,2949,3779,3677,2605,4
LE7,12345678,14034,31,2013,336,257,335,200,2345,700,372,2806,0
LE7,12345678,14034,31,2013,352,225,360,203,2302,607,253,2740,0
LC8,12345678,14034,31,2013,360,118,149,304,212,2359,310,2741,0
LE7,12345678,14034,31,2014,3,4818,4915,4995,6134,4545,4072,2599,4
LE7,12345678,14034,31,2014,19,183,359,248,2300,805,321,2758,0
LC8,12345678,14034,31,2014,27,7689,7738,7552,7558,7558,3659,2407,4
LC8,12345678,14034,31,2014,43,2245,2265,2282,2303,3229,2083,2527,4
LE7,12345678,14034,31,2014,51,299,464,358,2459,988,420,2818,0
LC8,12345678,14034,31,2014,59,180,211,387,325,2392,492,2695,0
LE7,12345678,14034,31,2014,67,705,820,750,2503,1270,746,2721,4
LC8,12345678,14034,31,2014,75,3491,3492,3471,3443,4171,1897,2415,4
LE7,12345678,14034,31,2014,83,295,481,419,2457,1045,500,2752,0
LC8,12345678,14034,31,2014,91,231,272,483,413,2514,516,2841,0
LE7,12345678,14034,31,2014,99,323,528,465,2614,1252,649,2874,0
LC8,12345678,14034,31,2014,107,100,125,223,175,1377,248,2804,0
LE7,12345678,14034,31,2014,115,531,742,668,2798,1621,861,2835,0
LC8,12345678,14034,31,2014,123,239,296,517,432,2861,671,2916,0
LE7,12345678,14034,31,2014,131,290,463,342,2129,954,400,2938,0
LC8,12345678,14034,31,2014,139,190,233,459,341,2999,636,2930,0
LE7,12345678,14034,31,2014,147,349,526,432,3093,1408,610,2948,0
LC8,12345678,14034,31,2014,155,184,227,457,330,3132,593,2965,0
LC8,12345678,14034,31,2014,171,125,157,367,224,2983,465,2967,0
LE7,12345678,14034,31,2014,179,385,529,385,3299,1359,622,2933,0
LC8,12345678,14034,31,2014,187,371,393,591,436,3573,627,2902,0
LE7,12345678,14034,31,2014,195,3464,3503,3390,5265,3686,3674,2569,4
LC8,12345678,14034,31,2014,203,141,187,407,253,3420,463,2928,0
LE7,12345678,14034,31,2014,211,269,410,253,3303,1110,429,2959,0
LC8,12345678,14034,31,2014,219,122,165,374,218,3260,406,2949,0
LE7,12345678,14034,31,2014,227,191,370,194,3168,936,346,2938,0
LC8,12345678,14034,31,2014,235,2572,2537,2608,2505,4233,2402,2689,4
LE7,12345678,14034,31,2014,243,216,392,226,3067,988,374,2948,0
LE7,12345678,14034,31,2014,259,211,344,191,3087,940,338,,
LC8,12345678,14034,31,2014,267,6989,7048,7009,6988,7253,3108,2175,4
LE7,12345678,14034,31,2014,275,20000,20000,20000,6746,5412,4403,2840,4
LC8,12345678,14034,31,2014,283,150,202,247,274,1939,456,2810,2
LE7,12345678,14034,31,2014,291,273,292,219,2442,838,333,2906,0
LC8,12345678,14034,31,2014,299,107,133,268,174,2443,310,2888,0
LE7,12345678,14034,31,2014,307,527,559,437,2823,1023,398,2812,0
LC8,12345678,14034,31,2014,315,6416,6497,6393,6438,6636,3081,2588,4
LE7,12345678,14034,31,2014,323,229,291,295,2269,773,292,2727,0
LC8,12345678,14034,31,2014,331,3517,3576,3595,3691,4751,4175,2626,4
LE7,12345678,14034,31,2014,339,8225,7657,7315,8063,4421,3975,2546,4
LC8,12345678,14034,31,2014,347,164,211,356,293,2184,350,2738,2
LE7,12345678,14034,31,2014,355,4191,4053,4106,4736,4079,3643,2641,4
LC8,12345678,14034,31,2014,363,6941,6946,6831,6781,6827,1761,2538,4
LE7,12345678,14034,31,2015,22,6422,6266,6366,6773,5873,5266,2599,4
LC8,12345678,14034,31,2015,30,167,229,320,311,1571,546,2747,0
LE7,12345678,14034,31,2015,38,2502,2498,2394,3490,1773,1468,2538,4
LC8,12345678,14034,31,2015,46,125,157,269,224,2226,327,2630,0
LE7,12345678,14034,31,2015,70,20000,20000,20000,20000,3294,2736,2384,4
LC8,12345678,14034,31,2015,78,1482,1522,1702,1706,2838,1938,2649,4
LC8,12345678,14034,31,2015,94,2431,2532,2716,2797,3900,2913,2783,4
LE7,12345678,14034,31,2015,102,323,476,447,2256,1202,629,2869,0
LC8,12345678,14034,31,2015,110,3187,3218,3197,3227,4097,2733,2755,4
LE7,12345678,14034,31,2015,118,298,479,401,2608,1209,514,2897,0
LC8,12345678,14034,31,2015,126,238,309,546,430,2961,644,2917,0
LE7,12345678,14034,31,2015,134,354,610,456,3396,1486,726,2886,0
LC8,12345678,14034,31,2015,142,162,188,402,288,2970,524,2922,0
LE7,12345678,14034,31,2015,150,216,267,176,1424,511,237,2949,2
LC8,12345678,14034,31,2015,158,104,139,293,186,2436,334,2924,0
LE7,12345678,14034,31,2015,166,1273,1270,1274,2773,1031,827,2689,4
LC8,12345678,14034,31,2015,174,428,453,628,471,3393,555,2937,0
LE7,12345678,14034,31,2015,182,308,460,270,3481,1085,422,2965,0
LC8,12345678,14034,31,2015,190,3385,3441,3691,3683,5348,3475,2687,4
LE7,12345678,14034,31,2015,198,375,548,419,3981,1232,427,2944,4
LC8,12345678,14034,31,2015,206,104,139,354,186,3504,368,2983,0
LE7,12345678,14034,31,2015,214,358,468,347,3458,1119,530,2939,0
LC8,12345678,14034,31,2015,222,7925,8093,8149,8234,8524,3623,2739,4
LE7,12345678,14034,31,2015,230,1713,1706,1549,3676,1548,1059,2656,4
LC8,12345678,14034,31,2015,238,104,123,253,128,1994,193,2943,2
LE7,12345678,14034,31,2015,246,363,450,267,3215,980,344,2985,0
LC8,12345678,14034,31,2015,254,2994,2988,2920,2854,3876,2803,2895,4
LE7,12345678,14034,31,2015,262,212,338,221,3091,1012,341,2975,0
LC8,12345678,14034,31,2015,270,6270,6333,6375,6400,7083,3512,2468,4
LE7,12345678,14034,31,2015,278,3487,3636,3671,4881,4648,4256,2830,4
LC8,12345678,14034,31,2015,286,388,545,295,278,1365,273,2869,4
LE7,12345678,14034,31,2015,294,181,313,185,2643,871,344,2913,0
LC8,12345678,14034,31,2015,302,120,160,323,217,2636,344,2908,0
LE7,12345678,14034,31,2015,310,4445,4382,4358,4953,4637,3941,2864,4
LC8,12345678,14034,31,2015,318,112,127,246,203,1506,414,2787,4
LC8,12345678,14034,31,2015,334,7681,7692,7537,7491,7556,3418,2493,4
LE7,12345678,14034,31,2015,342,241,255,171,2259,704,242,2795,0
LC8,12345678,14034,31,2015,350,104,122,263,155,2420,261,2835,0
LC8,12345678,14034,31,2016,1,3842,3713,4177,4015,4347,3660,2467,4
LE7,12345678,14034,31,2016,9,1034,1075,1001,2633,2191,1678,2818,4
LE7,12345678,14034,31,2016,25,1312,1295,1133,3041,876,535,2689,4
LC8,12345678,14034,31,2016,33,104,137,288,186,2513,304,2809,0
LE7,12345678,14034,31,2016,41,555,533,396,2869,748,332,2728,4
LC8,12345678,14034,31,2016,49,110,141,296,197,2392,325,2752,0
LE7,12345678,14034,31,2016,57,310,448,395,2538,1132,506,2771,0
LC8,12345678,14034,31,2016,65,351,506,526,626,2756,419,2643,4
LE7,12345678,14034,31,2016,73,20000,20000,20000,20000,2975,2640,2374,4
LC8,12345678,14034,31,2016,81,3645,3817,4040,4172,5276,3740,2697,4
LE7,12345678,14034,31,2016,89,256,414,311,2489,1121,514,2864,0
LC8,12345678,14034,31,2016,97,183,231,400,325,2593,504,2839,0
LE7,12345678,14034,31,2016,105,281,427,389,2468,1196,547,2869,0
LC8,12345678,14034,31,2016,113,1582,1567,1606,1518,2804,970,2713,4
LC8,12345678,14034,31,2016,129,3240,3366,3859,3887,5216,3857,2785,4
LE7,12345678,14034,31,2016,137,270,408,347,2698,1243,575,2891,0
LC8,12345678,14034,31,2016,145,1380,1380,1513,1472,2557,1409,2697,4
LC8,12345678,14034,31,2016,161,126,169,361,227,3027,478,2946,0
LE7,12345678,14034,31,2016,169,20000,3912,3836,5149,3038,2229,2683,4
LC8,12345678,14034,31,2016,177,101,145,357,204,3365,441,2957,0
LC8,12345678,14034,31,2016,193,100,131,347,195,3277,413,2975,0
LE7,12345678,14034,31,2016,201,1758,1804,1637,3978,1589,1031,2649,4
LC8,12345678,14034,31,2016,209,122,153,376,187,3801,379,2947,0
LE7,12345678,14034,31,2016,217,1105,1152,1016,2719,1172,802,2747,4
LC8,12345678,14034,31,2016,225,104,147,370,217,3459,425,2951,0
LE7,12345678,14034,31,2016,233,238,382,168,3686,978,333,2980,0
LC8,12345678,14034,31,2016,241,109,137,323,179,3170,337,2979,0
LC8,12345678,14034,31,2016,257,105,146,305,162,3124,312,2965,0
LE7,12345678,14034,31,2016,265,20000,20000,20000,7587,2388,2323,2281,4
LE7,12345678,14034,31,2016,281,3741,3691,3549,4894,2005,1644,2523,4
LC8,12345678,14034,31,2016,289,100,128,257,136,2738,284,2892,0
LE7,12345678,14034,31,2016,297,219,281,161,2539,767,304,2858,0
LC8,12345678,14034,31,2016,305,119,131,169,104,1067,101,2835,0
LE7,12345678,14034,31,2016,313,116,263,173,2437,718,305,2864,0
LC8,12345678,14034,31,2016,321,111,146,278,195,2530,287,2852,0
LE7,12345678,14034,31,2016,329,2457,2320,2310,3286,2782,2439,2747,4
LC8,12345678,14034,31,2016,337,109,157,268,190,2378,266,2805,0
LE7,12345678,14034,31,2016,345,170,298,194,2409,739,253,2740,0
LC8,12345678,14034,31,2016,353,102,141,288,173,2466,259,2875,0
LE7,12345678,14034,31,2017,11,849,851,677,2692,995,467,2740,0
LC8,12345678,14034,31,2017,19,1613,1637,1678,1597,3140,1346,2641,4
LE7,12345678,14034,31,2017,27,211,335,216,2273,714,296,2783,0
LC8,12345678,14034,31,2017,35,101,133,281,187,2435,315,2726,0
LE7,12345678,14034,31,2017,43,20000,20000,20000,7791,4869,3193,2709,4
LC8,12345678,14034,31,2017,51,102,133,294,198,2423,341,2857,0
LE7,12345678,14034,31,2017,59,2905,3033,3121,4042,3546,2933,2813,4
LC8,12345678,14034,31,2017,67,3648,3740,3793,3918,4817,4299,2749,4
